sponsor,to,spo_language,to_language
dev0,dev1,Zig,C++
dev2,dev3,Rust,Rust
dev4,dev5,OCaml,OCaml
dev6,dev7,JavaScript,C++
dev8,dev9,TypeScript,Dart
dev10,dev11,C#,C
dev12,dev13,Rust,JavaScript
dev12,dev14,Rust,JavaScript
dev15,dev16,Kotlin,Rust
dev2,dev16,Rust,Rust
dev17,dev16,Rust,Rust
dev18,dev19,Rust,C++
dev19,dev20,C++,Rust
dev19,dev21,C++,Rust
dev22,dev23,Clojure,Elixir
dev24,dev23,JavaScript,Elixir
dev25,dev26,C++,Python
dev27,dev26,Python,Python
dev28,dev26,TypeScript,Python
dev29,dev26,PHP,Python
dev30,dev26,Shell,Python
dev26,dev25,Python,C++
dev26,dev31,Python,HTML
dev26,dev32,Python,Python
dev26,dev33,Python,Python
dev26,dev34,Python,Python
dev26,dev27,Python,Python
dev35,dev36,JavaScript,Swift
dev36,dev37,Swift,Swift
dev36,dev38,Swift,Swift
dev36,dev39,Swift,Swift
dev36,dev35,Swift,JavaScript
dev40,dev41,JavaScript,Elixir
dev40,dev42,JavaScript,Ruby
dev40,dev43,JavaScript,Objective-C
dev40,dev44,JavaScript,Objective-C
dev40,dev45,JavaScript,JavaScript
dev40,dev46,JavaScript,JavaScript
dev40,dev47,JavaScript,TypeScript
dev40,dev48,JavaScript,CSS
dev40,dev49,JavaScript,Ruby
dev50,dev51,Go,Go
dev18,dev52,Rust,Python
dev53,dev54,C++,Lua
dev55,dev56,Java,C#
dev57,dev58,C#,C#
dev59,dev60,C#,C#
dev61,dev62,C#,C#
dev63,dev62,C#,C#
dev64,dev62,C#,C#
dev65,dev62,C#,C#
dev66,dev62,C#,C#
dev62,dev67,C#,C#
dev62,dev68,C#,C#
dev62,dev69,C#,C#
dev62,dev70,C#,TypeScript
dev62,dev71,C#,Clojure
dev72,dev73,JavaScript,JavaScript
dev74,dev73,TypeScript,JavaScript
dev75,dev73,JavaScript,JavaScript
dev76,dev73,Java,JavaScript
dev77,dev73,Ruby,JavaScript
dev78,dev38,Swift,Swift
dev79,dev80,Python,Python
dev79,dev81,Python,Python
dev75,dev82,JavaScript,JavaScript
dev82,dev83,JavaScript,JavaScript
dev82,dev75,JavaScript,JavaScript
dev84,dev85,JavaScript,JavaScript
dev86,dev87,ABAP,ABAP
dev86,dev88,ABAP,TypeScript
dev86,dev89,ABAP,ABAP
dev86,dev90,ABAP,ABAP
dev86,dev91,ABAP,JavaScript
dev86,dev92,ABAP,Go
dev93,dev94,Python,Python
dev95,dev96,Java,JavaScript
dev97,dev96,JavaScript,JavaScript
dev96,dev97,JavaScript,JavaScript
dev97,dev98,JavaScript,JavaScript
dev98,dev97,JavaScript,JavaScript
dev99,dev100,Rust,Rust
dev99,dev20,Rust,Rust
dev101,dev102,PHP,PHP
dev103,dev104,Ruby,Emacs Lisp
dev105,dev104,HTML,Emacs Lisp
dev106,dev104,Ruby,Emacs Lisp
dev107,dev104,C,Emacs Lisp
dev108,dev104,JavaScript,Emacs Lisp
dev93,dev104,Python,Emacs Lisp
dev109,dev104,Haskell,Emacs Lisp
dev110,dev104,C++,Emacs Lisp
dev111,dev104,JavaScript,Emacs Lisp
dev112,dev104,Haskell,Emacs Lisp
dev104,dev113,Emacs Lisp,Emacs Lisp
dev104,dev114,Emacs Lisp,Emacs Lisp
dev104,dev115,Emacs Lisp,Emacs Lisp
dev116,dev117,JavaScript,JavaScript
dev116,dev118,JavaScript,Haml
dev48,dev119,CSS,JavaScript
dev120,dev121,Ruby,JavaScript
dev122,dev123,Go,Swift
dev124,dev125,JavaScript,JavaScript
dev126,dev127,Go,Python
dev128,dev129,Ruby,Ruby
dev130,dev131,PHP,JavaScript
dev130,dev132,PHP,JavaScript
dev130,dev133,PHP,Java
dev134,dev93,Python,Python
dev135,dev93,Vim script,Python
dev136,dev93,Vim script,Python
dev137,dev93,PHP,Python
dev138,dev93,Python,Python
dev93,dev139,Python,Python
dev93,dev140,Python,C++
dev93,dev141,Python,TypeScript
dev93,dev88,Python,TypeScript
dev93,dev142,Python,Emacs Lisp
dev93,dev143,Python,Python
dev93,dev144,Python,Python
dev93,dev145,Python,Python
dev93,dev138,Python,Python
dev93,dev146,Python,Python
dev147,dev148,JavaScript,JavaScript
dev149,dev148,TypeScript,JavaScript
dev150,dev151,C++,C++
dev152,dev153,PHP,Kotlin
dev152,dev154,PHP,PHP
dev152,dev155,PHP,PHP
dev152,dev156,PHP,PHP
dev152,dev157,PHP,PHP
dev152,dev158,PHP,PHP
dev159,dev160,JavaScript,JavaScript
dev160,dev159,JavaScript,JavaScript
dev161,dev162,JavaScript,TypeScript
dev83,dev163,JavaScript,Swift
dev163,dev164,Swift,Swift
dev163,dev165,Swift,Swift
dev163,dev166,Swift,Swift
dev163,dev83,Swift,JavaScript
dev167,dev168,JavaScript,Objective-C
dev84,dev169,JavaScript,JavaScript
dev169,dev170,JavaScript,Rust
dev169,dev171,JavaScript,JavaScript
dev30,dev172,Shell,PHP
dev70,dev173,TypeScript,JavaScript
dev173,dev174,JavaScript,JavaScript
dev173,dev175,JavaScript,Rust
dev173,dev176,JavaScript,C
dev173,dev177,JavaScript,JavaScript
dev173,dev178,JavaScript,JavaScript
dev173,dev179,JavaScript,JavaScript
dev180,dev181,Python,Python
dev181,dev182,Python,Dockerfile
dev183,dev184,Python,Go
dev185,dev186,JavaScript,JavaScript
dev187,dev188,PHP,PHP
dev189,dev188,PHP,PHP
dev188,dev157,PHP,PHP
dev188,dev30,PHP,Shell
dev188,dev190,PHP,PHP
dev188,dev191,PHP,PHP
dev192,dev193,PowerShell,C#
dev194,dev195,Go,Go
dev196,dev197,JavaScript,JavaScript
dev197,dev198,JavaScript,JavaScript
dev197,dev199,JavaScript,PureScript
dev197,dev200,JavaScript,C++
dev197,dev201,JavaScript,C
dev197,dev202,JavaScript,JavaScript
dev197,dev203,JavaScript,JavaScript
dev197,dev83,JavaScript,JavaScript
dev197,dev204,JavaScript,JavaScript
dev84,dev205,JavaScript,JavaScript
dev206,dev205,JavaScript,JavaScript
dev174,dev205,JavaScript,JavaScript
dev207,dev205,JavaScript,JavaScript
dev208,dev205,TypeScript,JavaScript
dev209,dev210,Go,Go
dev210,dev211,Go,Go
dev210,dev209,Go,Go
dev212,dev213,Crystal,Crystal
dev214,dev215,Swift,Swift
dev214,dev216,Swift,Swift
dev30,dev134,Shell,Python
dev134,dev143,Python,Python
dev134,dev30,Python,Shell
dev134,dev217,Python,JavaScript
dev134,dev201,Python,C
dev134,dev139,Python,Python
dev218,dev219,Ruby,Ruby
dev220,dev219,Ruby,Ruby
dev221,dev222,Go,Go
dev222,dev223,Go,Go
dev224,dev225,Shell,Dockerfile
dev226,dev225,JavaScript,Dockerfile
dev225,dev227,Dockerfile,Python
dev225,dev228,Dockerfile,Dockerfile
dev225,dev226,Dockerfile,JavaScript
dev225,dev229,Dockerfile,Python
dev230,dev231,Java,Java
dev232,dev231,Java,Java
dev233,dev231,Java,Java
dev231,dev30,Java,Shell
dev231,dev199,Java,PureScript
dev231,dev234,Java,Go
dev231,dev235,Java,Objective-C
dev231,dev232,Java,Java
dev231,dev236,Java,Java
dev231,dev233,Java,Java
dev231,dev237,Java,Java
dev231,dev230,Java,Java
dev238,dev47,TypeScript,TypeScript
dev239,dev47,Swift,TypeScript
dev240,dev47,JavaScript,TypeScript
dev47,dev241,TypeScript,TypeScript
dev47,dev242,TypeScript,Rust
dev47,dev243,TypeScript,Vala
dev47,dev244,TypeScript,Vala
dev47,dev238,TypeScript,TypeScript
dev47,dev245,TypeScript,TypeScript
dev47,dev246,TypeScript,Clojure
dev47,dev84,TypeScript,JavaScript
dev47,dev247,TypeScript,TypeScript
dev248,dev249,PHP,PHP
dev156,dev249,PHP,PHP
dev249,dev156,PHP,PHP
dev250,dev84,JavaScript,JavaScript
dev250,dev204,JavaScript,JavaScript
dev251,dev25,JavaScript,C++
dev252,dev25,C++,C++
dev25,dev251,C++,JavaScript
dev25,dev252,C++,C++
dev253,dev254,PHP,PHP
dev254,dev255,PHP,PHP
dev254,dev256,PHP,PHP
dev257,dev258,PHP,JavaScript
dev257,dev259,PHP,PHP
dev257,dev260,PHP,JavaScript
dev261,dev196,JavaScript,JavaScript
dev196,dev262,JavaScript,Python
dev196,dev261,JavaScript,JavaScript
dev196,dev263,JavaScript,JavaScript
dev196,dev264,JavaScript,JavaScript
dev196,dev265,JavaScript,JavaScript
dev196,dev83,JavaScript,JavaScript
dev261,dev265,JavaScript,JavaScript
dev265,dev266,JavaScript,JavaScript
dev267,dev268,JavaScript,C#
dev268,dev269,C#,C++
dev268,dev270,C#,Ruby
dev268,dev267,C#,JavaScript
dev239,dev165,Swift,Swift
dev165,dev239,Swift,Swift
dev271,dev272,Python,Python
dev272,dev273,Python,Java
dev274,dev29,PHP,PHP
dev187,dev29,PHP,PHP
dev275,dev29,PHP,PHP
dev276,dev29,PHP,PHP
dev277,dev29,Shell,PHP
dev29,dev182,PHP,Dockerfile
dev29,dev278,PHP,Ruby
dev29,dev279,PHP,PHP
dev29,dev280,PHP,PHP
dev29,dev100,PHP,Rust
dev29,dev281,PHP,JavaScript
dev29,dev282,PHP,JavaScript
dev29,dev283,PHP,HTML
dev29,dev147,PHP,JavaScript
dev29,dev284,PHP,C
dev29,dev110,PHP,C++
dev29,dev285,PHP,PHP
dev29,dev286,PHP,PHP
dev29,dev287,PHP,PHP
dev29,dev288,PHP,PHP
dev29,dev289,PHP,PHP
dev290,dev291,Ruby,Ruby
dev292,dev291,Ruby,Ruby
dev293,dev291,Ruby,Ruby
dev294,dev291,Ruby,Ruby
dev295,dev291,Ruby,Ruby
dev296,dev291,Ruby,Ruby
dev291,dev296,Ruby,Ruby
dev291,dev290,Ruby,Ruby
dev297,dev298,Emacs Lisp,Ruby
dev298,dev297,Ruby,Emacs Lisp
dev298,dev299,Ruby,Kotlin
dev298,dev290,Ruby,Ruby
dev300,dev301,JavaScript,Go
dev302,dev301,JavaScript,Go
dev303,dev301,Go,Go
dev304,dev305,TypeScript,JavaScript
dev306,dev305,JavaScript,JavaScript
dev305,dev307,JavaScript,JavaScript
dev305,dev308,JavaScript,JavaScript
dev305,dev306,JavaScript,JavaScript
dev261,dev309,JavaScript,JavaScript
dev261,dev310,JavaScript,JavaScript
dev261,dev311,JavaScript,JavaScript
dev261,dev83,JavaScript,JavaScript
dev261,dev263,JavaScript,JavaScript
dev75,dev312,JavaScript,JavaScript
dev313,dev312,TypeScript,JavaScript
dev314,dev312,JavaScript,JavaScript
dev315,dev312,JavaScript,JavaScript
dev312,dev313,JavaScript,TypeScript
dev252,dev316,C++,C++
dev317,dev318,Ruby,Ruby
dev317,dev319,Ruby,JavaScript
dev317,dev320,Ruby,TypeScript
dev321,dev322,C++,C++
dev323,dev255,PHP,PHP
dev323,dev157,PHP,PHP
dev293,dev324,Ruby,Ruby
dev290,dev324,Ruby,Ruby
dev325,dev326,TypeScript,PHP
dev327,dev326,TypeScript,PHP
dev328,dev326,TypeScript,PHP
dev329,dev326,JavaScript,PHP
dev330,dev326,Go,PHP
dev326,dev331,PHP,JavaScript
dev326,dev325,PHP,TypeScript
dev326,dev328,PHP,TypeScript
dev326,dev327,PHP,TypeScript
dev326,dev332,PHP,JavaScript
dev326,dev329,PHP,JavaScript
dev333,dev334,C#,C#
dev61,dev335,C#,C#
dev66,dev335,C#,C#
dev336,dev335,C#,C#
dev65,dev335,C#,C#
dev337,dev335,C#,C#
dev335,dev338,C#,C#
dev335,dev339,C#,C#
dev335,dev340,C#,C#
dev335,dev341,C#,C#
dev290,dev342,Ruby,Ruby
dev343,dev342,Ruby,Ruby
dev342,dev200,Ruby,C++
dev342,dev343,Ruby,Ruby
dev342,dev290,Ruby,Ruby
dev344,dev345,Python,Go
dev346,dev347,Rust,Rust
dev83,dev348,JavaScript,JavaScript
dev349,dev350,JavaScript,JavaScript
dev346,dev351,Rust,C++
dev74,dev352,TypeScript,Shell
dev353,dev354,Common Lisp,Common Lisp
dev81,dev355,Python,Go
dev81,dev356,Python,Python
dev81,dev357,Python,Python
dev81,dev358,Python,Python
dev81,dev359,Python,Python
dev81,dev360,Python,Python
dev81,dev361,Python,Python
dev81,dev362,Python,Python
dev81,dev363,Python,Python
dev81,dev364,Python,Python
dev81,dev365,Python,Python
dev81,dev366,Python,Jupyter Notebook
dev81,dev367,Python,Python
dev81,dev140,Python,C++
dev81,dev368,Python,Python
dev81,dev369,Python,Python
dev81,dev370,Python,Python
dev81,dev371,Python,Python
dev81,dev372,Python,CSS
dev373,dev302,JavaScript,JavaScript
dev302,dev374,JavaScript,PHP
dev302,dev375,JavaScript,Go
dev302,dev376,JavaScript,JavaScript
dev302,dev373,JavaScript,JavaScript
dev302,dev223,JavaScript,Go
dev377,dev378,PHP,JavaScript
dev377,dev379,PHP,PHP
dev377,dev380,PHP,PHP
dev377,dev381,PHP,JavaScript
dev377,dev157,PHP,PHP
dev382,dev383,R,JavaScript
dev83,dev376,JavaScript,JavaScript
dev384,dev376,JavaScript,JavaScript
dev385,dev386,JavaScript,JavaScript
dev385,dev387,JavaScript,JavaScript
dev388,dev84,JavaScript,JavaScript
dev349,dev84,JavaScript,JavaScript
dev84,dev389,JavaScript,JavaScript
dev84,dev390,JavaScript,JavaScript
dev84,dev391,JavaScript,JavaScript
dev84,dev392,JavaScript,JavaScript
dev84,dev393,JavaScript,JavaScript
dev84,dev394,JavaScript,Ruby
dev84,dev395,JavaScript,JavaScript
dev84,dev118,JavaScript,Haml
dev84,dev147,JavaScript,JavaScript
dev84,dev396,JavaScript,Ruby
dev84,dev240,JavaScript,JavaScript
dev84,dev397,JavaScript,Python
dev84,dev398,JavaScript,JavaScript
dev84,dev204,JavaScript,JavaScript
dev399,dev400,Python,JavaScript
dev275,dev401,PHP,PHP
dev402,dev403,JavaScript,PHP
dev404,dev403,PHP,PHP
dev405,dev403,PHP,PHP
dev406,dev403,PHP,PHP
dev407,dev403,PHP,PHP
dev408,dev403,PHP,PHP
dev409,dev403,PHP,PHP
dev137,dev403,PHP,PHP
dev410,dev403,PHP,PHP
dev276,dev403,PHP,PHP
dev411,dev403,PHP,PHP
dev274,dev403,PHP,PHP
dev403,dev276,PHP,PHP
dev403,dev412,PHP,JavaScript
dev403,dev413,PHP,PHP
dev414,dev354,Common Lisp,Common Lisp
dev126,dev415,Go,Go
dev293,dev294,Ruby,Ruby
dev290,dev294,Ruby,Ruby
dev343,dev294,Ruby,Ruby
dev294,dev223,Ruby,Go
dev294,dev296,Ruby,Ruby
dev294,dev293,Ruby,Ruby
dev416,dev417,Python,Go
dev418,dev417,Shell,Go
dev303,dev417,Go,Go
dev419,dev420,Clojure,Clojure
dev421,dev171,JavaScript,JavaScript
dev422,dev171,JavaScript,JavaScript
dev423,dev171,JavaScript,JavaScript
dev424,dev223,Go,Go
dev425,dev223,Go,Go
dev426,dev223,Perl,Go
dev427,dev223,Go,Go
dev428,dev223,Ruby,Go
dev296,dev223,Ruby,Go
dev429,dev223,Vim script,Go
dev135,dev223,Vim script,Go
dev430,dev223,Python,Go
dev431,dev223,Go,Go
dev432,dev223,Go,Go
dev433,dev223,JavaScript,Go
dev434,dev223,Vim script,Go
dev209,dev211,Go,Go
dev184,dev211,Go,Go
dev435,dev211,Go,Go
dev436,dev211,Go,Go
dev437,dev211,JavaScript,Go
dev438,dev211,Go,Go
dev211,dev439,Go,C++
dev211,dev209,Go,Go
dev440,dev441,Go,Go
dev184,dev442,Go,Python
dev30,dev443,Shell,Go
dev418,dev443,Shell,Go
dev444,dev443,PHP,Go
dev436,dev438,Go,Go
dev438,dev445,Go,C
dev435,dev446,Go,Go
dev447,dev448,Objective-C,C
dev449,dev448,Ruby,C
dev450,dev451,JavaScript,JavaScript
dev425,dev451,Go,JavaScript
dev451,dev450,JavaScript,JavaScript
dev452,dev453,Python,Python
dev454,dev455,Java,Java
dev456,dev285,PHP,PHP
dev457,dev458,JavaScript,TypeScript
dev107,dev459,C,CSS
dev460,dev461,JavaScript,JavaScript
dev462,dev463,JavaScript,C#
dev464,dev465,JavaScript,Rust
dev464,dev466,JavaScript,C++
dev464,dev100,JavaScript,Rust
dev464,dev467,JavaScript,C++
dev187,dev280,PHP,PHP
dev468,dev469,Python,Python
dev470,dev471,JavaScript,Go
dev472,dev238,JavaScript,TypeScript
dev473,dev238,JavaScript,TypeScript
dev314,dev238,JavaScript,TypeScript
dev75,dev238,JavaScript,TypeScript
dev208,dev238,TypeScript,TypeScript
dev474,dev238,JavaScript,TypeScript
dev475,dev238,JavaScript,TypeScript
dev476,dev238,TypeScript,TypeScript
dev203,dev238,JavaScript,TypeScript
dev477,dev238,TypeScript,TypeScript
dev238,dev245,TypeScript,TypeScript
dev465,dev466,Rust,C++
dev466,dev478,C++,C++
dev466,dev467,C++,C++
dev479,dev480,PHP,PHP
dev481,dev455,Java,Java
dev74,dev425,TypeScript,Go
dev425,dev482,Go,C++
dev425,dev483,Go,JavaScript
dev484,dev485,Go,Go
dev485,dev486,Go,JavaScript
dev485,dev484,Go,Go
dev487,dev488,Ruby,HTML
dev487,dev398,Ruby,JavaScript
dev487,dev489,Ruby,Rust
dev487,dev118,Ruby,Haml
dev487,dev490,Ruby,Ruby
dev449,dev491,Ruby,C
dev306,dev307,JavaScript,JavaScript
dev492,dev493,Python,Go
dev492,dev494,Python,JavaScript
dev495,dev496,C#,C#
dev90,dev497,ABAP,JavaScript
dev498,dev267,JavaScript,JavaScript
dev83,dev267,JavaScript,JavaScript
dev499,dev267,JavaScript,JavaScript
dev267,dev500,JavaScript,JavaScript
dev267,dev83,JavaScript,JavaScript
dev501,dev502,Rust,Rust
dev503,dev502,Rust,Rust
dev504,dev467,HTML,C++
dev505,dev506,PHP,PHP
dev506,dev190,PHP,PHP
dev506,dev191,PHP,PHP
dev507,dev508,Nix,Haskell
dev509,dev510,Vim script,Ada
dev511,dev512,Rust,Rust
dev513,dev176,Go,C
dev514,dev515,JavaScript,Ruby
dev516,dev517,JavaScript,JavaScript
dev518,dev517,JavaScript,JavaScript
dev452,dev519,Python,Kotlin
dev519,dev199,Kotlin,PureScript
dev520,dev521,Java,TypeScript
dev520,dev83,Java,JavaScript
dev498,dev522,JavaScript,C++
dev499,dev522,JavaScript,C++
dev399,dev522,Python,C++
dev500,dev522,JavaScript,C++
dev499,dev523,JavaScript,C++
dev399,dev524,Python,C++
dev108,dev115,JavaScript,Emacs Lisp
dev112,dev115,Haskell,Emacs Lisp
dev115,dev525,Emacs Lisp,C
dev115,dev113,Emacs Lisp,Emacs Lisp
dev526,dev527,Java,C
dev528,dev529,Python,Python
dev530,dev529,Python,Python
dev189,dev187,PHP,PHP
dev531,dev187,PHP,PHP
dev187,dev532,PHP,C
dev187,dev533,PHP,PHP
dev187,dev276,PHP,PHP
dev187,dev190,PHP,PHP
dev187,dev279,PHP,PHP
dev187,dev534,PHP,PHP
dev187,dev535,PHP,PHP
dev187,dev536,PHP,PHP
dev187,dev259,PHP,PHP
dev187,dev285,PHP,PHP
dev187,dev255,PHP,PHP
dev187,dev157,PHP,PHP
dev187,dev191,PHP,PHP
dev537,dev536,PHP,PHP
dev538,dev536,PHP,PHP
dev191,dev536,PHP,PHP
dev539,dev536,PHP,PHP
dev534,dev536,PHP,PHP
dev536,dev540,PHP,PHP
dev536,dev156,PHP,PHP
dev541,dev255,PHP,PHP
dev189,dev542,PHP,PHP
dev543,dev542,PHP,PHP
dev542,dev157,PHP,PHP
dev285,dev544,PHP,PHP
dev286,dev545,PHP,PHP
dev546,dev545,PHP,PHP
dev285,dev545,PHP,PHP
dev547,dev545,PHP,PHP
dev124,dev548,JavaScript,JavaScript
dev549,dev550,JavaScript,JavaScript
dev206,dev550,JavaScript,JavaScript
dev551,dev450,Perl,JavaScript
dev551,dev521,Perl,TypeScript
dev551,dev552,Perl,HTML
dev551,dev553,Perl,Go
dev551,dev554,Perl,Go
dev551,dev427,Perl,Go
dev538,dev555,PHP,PHP
dev555,dev156,PHP,PHP
dev528,dev556,Python,C++
dev557,dev556,Python,C++
dev558,dev556,Python,C++
dev559,dev556,Python,C++
dev560,dev556,Python,C++
dev561,dev556,Python,C++
dev562,dev556,Python,C++
dev556,dev563,C++,JavaScript
dev556,dev146,C++,Python
dev556,dev564,C++,Java
dev556,dev565,C++,Shell
dev556,dev566,C++,C++
dev556,dev34,C++,Python
dev556,dev567,C++,JavaScript
dev556,dev568,C++,JavaScript
dev556,dev528,C++,Python
dev275,dev569,PHP,PHP
dev570,dev571,C,Rust
dev511,dev20,Rust,Rust
dev511,dev199,Rust,PureScript
dev511,dev1,Rust,C++
dev572,dev573,Rust,Rust
dev572,dev574,Rust,Rust
dev572,dev575,Rust,Rust
dev572,dev199,Rust,PureScript
dev576,dev577,Python,Go
dev577,dev578,Go,Go
dev83,dev579,JavaScript,JavaScript
dev580,dev579,Rust,JavaScript
dev581,dev582,TypeScript,TypeScript
dev418,dev582,Shell,TypeScript
dev583,dev584,TypeScript,TypeScript
dev581,dev584,TypeScript,TypeScript
dev585,dev584,TypeScript,TypeScript
dev584,dev581,TypeScript,TypeScript
dev586,dev340,C#,C#
dev411,dev587,PHP,PHP
dev588,dev587,PHP,PHP
dev589,dev587,PHP,PHP
dev590,dev587,PHP,PHP
dev591,dev587,PHP,PHP
dev275,dev587,PHP,PHP
dev587,dev157,PHP,PHP
dev275,dev253,PHP,PHP
dev592,dev253,PHP,PHP
dev593,dev253,PHP,PHP
dev285,dev253,PHP,PHP
dev253,dev594,PHP,PHP
dev240,dev595,JavaScript,JavaScript
dev240,dev282,JavaScript,JavaScript
dev240,dev596,JavaScript,JavaScript
dev240,dev204,JavaScript,JavaScript
dev499,dev597,JavaScript,C++
dev498,dev269,JavaScript,C++
dev499,dev269,JavaScript,C++
dev333,dev598,C#,C#
dev598,dev599,C#,C#
dev560,dev600,Python,Python
dev601,dev602,JavaScript,Python
dev373,dev603,JavaScript,Python
dev603,dev604,Python,Go
dev603,dev605,Python,TypeScript
dev603,dev606,Python,Python
dev603,dev607,Python,Python
dev603,dev608,Python,JavaScript
dev591,dev609,PHP,JavaScript
dev610,dev611,JavaScript,HTML
dev612,dev613,JavaScript,Java
dev612,dev614,JavaScript,Kotlin
dev612,dev615,JavaScript,Go
dev612,dev481,JavaScript,Java
dev616,dev83,HTML,JavaScript
dev617,dev83,JavaScript,JavaScript
dev518,dev83,JavaScript,JavaScript
dev388,dev83,JavaScript,JavaScript
dev304,dev83,TypeScript,JavaScript
dev618,dev83,JavaScript,JavaScript
dev349,dev83,JavaScript,JavaScript
dev619,dev83,Go,JavaScript
dev472,dev83,JavaScript,JavaScript
dev620,dev83,PHP,JavaScript
dev621,dev83,TypeScript,JavaScript
dev622,dev83,JavaScript,JavaScript
dev178,dev83,JavaScript,JavaScript
dev623,dev83,JavaScript,JavaScript
dev384,dev83,JavaScript,JavaScript
dev83,dev131,JavaScript,JavaScript
dev83,dev282,JavaScript,JavaScript
dev83,dev215,JavaScript,Swift
dev83,dev624,JavaScript,JavaScript
dev83,dev625,JavaScript,JavaScript
dev83,dev626,JavaScript,Swift
dev83,dev617,JavaScript,JavaScript
dev83,dev627,JavaScript,Swift
dev83,dev628,JavaScript,Ruby
dev83,dev621,JavaScript,TypeScript
dev83,dev629,JavaScript,Swift
dev83,dev630,JavaScript,JavaScript
dev83,dev258,JavaScript,JavaScript
dev83,dev631,JavaScript,JavaScript
dev83,dev632,JavaScript,JavaScript
dev83,dev633,JavaScript,JavaScript
dev634,dev635,C#,C#
dev636,dev493,JavaScript,Go
dev637,dev638,PHP,Shell
dev380,dev157,PHP,PHP
dev639,dev640,Python,Python
dev639,dev528,Python,Python
dev641,dev243,Vala,Vala
dev641,dev642,Vala,C++
dev641,dev643,Vala,Emacs Lisp
dev641,dev244,Vala,Vala
dev642,dev244,C++,Vala
dev644,dev645,JavaScript,PHP
dev646,dev230,Java,Java
dev233,dev230,Java,Java
dev230,dev646,Java,Java
dev230,dev233,Java,Java
dev194,dev647,Go,Java
dev648,dev649,Python,JavaScript
dev649,dev264,JavaScript,JavaScript
dev649,dev650,JavaScript,JavaScript
dev8,dev651,TypeScript,JavaScript
dev652,dev653,JavaScript,Java
dev654,dev655,C#,C#
dev656,dev657,JavaScript,Java
dev657,dev658,Java,Java
dev659,dev660,Swift,C#
dev661,dev660,JavaScript,C#
dev662,dev660,Java,C#
dev663,dev490,JavaScript,Ruby
dev664,dev459,C,CSS
dev534,dev665,PHP,PHP
dev534,dev666,PHP,PHP
dev666,dev535,PHP,PHP
dev666,dev667,PHP,PHP
dev668,dev669,Go,Java
dev562,dev670,Python,Python
dev671,dev670,Python,Python
dev672,dev138,Python,Python
dev138,dev673,Python,C
dev138,dev445,Python,C
dev674,dev262,C++,Python
dev674,dev675,C++,C++
dev674,dev676,C++,C++
dev290,dev677,Ruby,Ruby
dev75,dev174,JavaScript,JavaScript
dev678,dev174,JavaScript,JavaScript
dev679,dev174,JavaScript,JavaScript
dev474,dev174,JavaScript,JavaScript
dev680,dev174,JavaScript,JavaScript
dev681,dev174,JavaScript,JavaScript
dev203,dev174,JavaScript,JavaScript
dev585,dev174,TypeScript,JavaScript
dev472,dev174,JavaScript,JavaScript
dev174,dev642,JavaScript,C++
dev682,dev207,Vue,JavaScript
dev474,dev207,JavaScript,JavaScript
dev472,dev683,JavaScript,JavaScript
dev684,dev683,JavaScript,JavaScript
dev474,dev683,JavaScript,JavaScript
dev474,dev680,JavaScript,JavaScript
dev75,dev680,JavaScript,JavaScript
dev680,dev685,JavaScript,TypeScript
dev680,dev245,JavaScript,TypeScript
dev680,dev186,JavaScript,JavaScript
dev680,dev679,JavaScript,JavaScript
dev680,dev483,JavaScript,JavaScript
dev680,dev75,JavaScript,JavaScript
dev680,dev203,JavaScript,JavaScript
dev314,dev75,JavaScript,JavaScript
dev679,dev75,JavaScript,JavaScript
dev474,dev75,JavaScript,JavaScript
dev313,dev75,TypeScript,JavaScript
dev75,dev686,JavaScript,JavaScript
dev75,dev313,JavaScript,TypeScript
dev75,dev687,JavaScript,JavaScript
dev75,dev245,JavaScript,TypeScript
dev75,dev688,JavaScript,JavaScript
dev75,dev685,JavaScript,TypeScript
dev75,dev186,JavaScript,JavaScript
dev75,dev483,JavaScript,JavaScript
dev75,dev388,JavaScript,JavaScript
dev75,dev679,JavaScript,JavaScript
dev75,dev147,JavaScript,JavaScript
dev75,dev203,JavaScript,JavaScript
dev689,dev14,JavaScript,JavaScript
dev14,dev131,JavaScript,JavaScript
dev690,dev691,Swift,Swift
dev690,dev39,Swift,Swift
dev692,dev693,PHP,Go
dev694,dev695,Python,PHP
dev642,dev243,C++,Vala
dev696,dev243,Vala,Vala
dev697,dev698,TypeScript,HTML
dev699,dev700,JavaScript,JavaScript
dev287,dev701,PHP,PHP
dev701,dev702,PHP,PHP
dev701,dev157,PHP,PHP
dev701,dev287,PHP,PHP
dev110,dev703,C++,Emacs Lisp
dev276,dev704,PHP,PHP
dev404,dev704,PHP,PHP
dev287,dev704,PHP,PHP
dev405,dev704,PHP,PHP
dev704,dev705,PHP,PHP
dev706,dev306,Python,JavaScript
dev110,dev707,C++,Dart
dev708,dev709,JavaScript,JavaScript
dev710,dev372,C++,CSS
dev711,dev712,JavaScript,JavaScript
dev681,dev712,JavaScript,JavaScript
dev713,dev714,JavaScript,TypeScript
dev473,dev715,JavaScript,JavaScript
dev349,dev716,JavaScript,JavaScript
dev147,dev679,JavaScript,JavaScript
dev684,dev679,JavaScript,JavaScript
dev474,dev679,JavaScript,JavaScript
dev678,dev679,JavaScript,JavaScript
dev717,dev679,JavaScript,JavaScript
dev718,dev679,Vue,JavaScript
dev719,dev679,JavaScript,JavaScript
dev203,dev679,JavaScript,JavaScript
dev720,dev679,JavaScript,JavaScript
dev472,dev679,JavaScript,JavaScript
dev679,dev719,JavaScript,JavaScript
dev679,dev684,JavaScript,JavaScript
dev679,dev147,JavaScript,JavaScript
dev590,dev721,PHP,PHP
dev206,dev722,JavaScript,JavaScript
dev349,dev722,JavaScript,JavaScript
dev581,dev723,TypeScript,JavaScript
dev585,dev723,TypeScript,JavaScript
dev124,dev723,JavaScript,JavaScript
dev723,dev124,JavaScript,JavaScript
dev724,dev725,Java,Java
dev726,dev725,Java,Java
dev727,dev725,Java,Java
dev728,dev725,Java,Java
dev729,dev725,Java,Java
dev63,dev730,C#,C#
dev731,dev465,Rust,Rust
dev18,dev465,Rust,Rust
dev465,dev170,Rust,Rust
dev465,dev100,Rust,Rust
dev465,dev18,Rust,Rust
dev465,dev574,Rust,Rust
dev465,dev732,Rust,Rust
dev465,dev733,Rust,Rust
dev734,dev735,JavaScript,TypeScript
dev736,dev737,C++,C
dev738,dev592,PHP,PHP
dev286,dev592,PHP,PHP
dev285,dev592,PHP,PHP
dev287,dev592,PHP,PHP
dev592,dev739,PHP,PHP
dev592,dev738,PHP,PHP
dev592,dev286,PHP,PHP
dev592,dev740,PHP,PHP
dev592,dev741,PHP,PHP
dev592,dev288,PHP,PHP
dev592,dev157,PHP,PHP
dev592,dev379,PHP,PHP
dev592,dev742,PHP,PHP
dev592,dev284,PHP,C
dev592,dev285,PHP,PHP
dev592,dev259,PHP,PHP
dev592,dev154,PHP,PHP
dev592,dev705,PHP,PHP
dev592,dev289,PHP,PHP
dev592,dev255,PHP,PHP
dev743,dev287,PHP,PHP
dev410,dev287,PHP,PHP
dev589,dev287,PHP,PHP
dev744,dev287,PHP,PHP
dev405,dev287,PHP,PHP
dev538,dev287,PHP,PHP
dev287,dev743,PHP,PHP
dev287,dev745,PHP,PHP
dev287,dev255,PHP,PHP
dev287,dev746,PHP,PHP
dev287,dev747,PHP,PHP
dev287,dev702,PHP,PHP
dev287,dev589,PHP,PHP
dev287,dev410,PHP,PHP
dev287,dev748,PHP,PHP
dev287,dev538,PHP,PHP
dev287,dev157,PHP,PHP
dev287,dev749,PHP,PHP
dev750,dev100,Rust,Rust
dev467,dev100,C++,Rust
dev18,dev100,Rust,Rust
dev2,dev575,Rust,Rust
dev15,dev575,Kotlin,Rust
dev580,dev575,Rust,Rust
dev751,dev575,Rust,Rust
dev750,dev575,Rust,Rust
dev752,dev575,Rust,Rust
dev753,dev754,Rust,Rust
dev24,dev755,JavaScript,C
dev756,dev478,C,C++
dev467,dev478,C++,C++
dev18,dev478,Rust,C++
dev285,dev289,PHP,PHP
dev154,dev289,PHP,PHP
dev289,dev757,PHP,C
dev289,dev255,PHP,PHP
dev289,dev157,PHP,PHP
dev285,dev154,PHP,PHP
dev758,dev154,PHP,PHP
dev154,dev259,PHP,PHP
dev759,dev760,Python,JavaScript
dev760,dev759,JavaScript,Python
dev761,dev762,PHP,PHP
dev410,dev593,PHP,PHP
dev275,dev593,PHP,PHP
dev285,dev593,PHP,PHP
dev276,dev593,PHP,PHP
dev405,dev593,PHP,PHP
dev408,dev593,PHP,PHP
dev590,dev593,PHP,PHP
dev593,dev410,PHP,PHP
dev593,dev705,PHP,PHP
dev418,dev763,Shell,Swift
dev418,dev764,Shell,Rust
dev418,dev765,Shell,Rust
dev418,dev199,Shell,PureScript
dev418,dev766,Shell,TypeScript
dev418,dev767,Shell,C
dev418,dev201,Shell,C
dev418,dev768,Shell,OCaml
dev560,dev769,Python,Python
dev770,dev771,Dart,Dart
dev772,dev773,Emacs Lisp,Vim script
dev772,dev259,Emacs Lisp,PHP
dev260,dev558,JavaScript,Python
dev260,dev467,JavaScript,C++
dev260,dev774,JavaScript,JavaScript
dev260,dev439,JavaScript,C++
dev260,dev1,JavaScript,C++
dev560,dev775,Python,Python
dev776,dev777,D,D
dev776,dev778,D,D
dev776,dev779,D,JavaScript
dev135,dev780,Vim script,C
dev135,dev199,Vim script,PureScript
dev135,dev781,Vim script,Vim script
dev481,dev782,Java,Python
dev481,dev372,Java,CSS
dev481,dev783,Java,Java
dev784,dev785,Kotlin,Java
dev786,dev787,Kotlin,Java
dev63,dev788,C#,C#
dev66,dev789,C#,C#
dev63,dev790,C#,C#
dev791,dev790,C#,C#
dev63,dev66,C#,C#
dev65,dev66,C#,C#
dev64,dev66,C#,C#
dev61,dev66,C#,C#
dev336,dev66,C#,C#
dev66,dev792,C#,C#
dev66,dev69,C#,C#
dev66,dev64,C#,C#
dev66,dev65,C#,C#
dev405,dev585,PHP,TypeScript
dev585,dev793,TypeScript,TypeScript
dev585,dev581,TypeScript,TypeScript
dev585,dev794,TypeScript,Dart
dev585,dev147,TypeScript,JavaScript
dev585,dev397,TypeScript,Python
dev585,dev795,TypeScript,TypeScript
dev585,dev247,TypeScript,TypeScript
dev585,dev796,TypeScript,JavaScript
dev585,dev258,TypeScript,JavaScript
dev585,dev686,TypeScript,JavaScript
dev585,dev797,TypeScript,TypeScript
dev585,dev798,TypeScript,JavaScript
dev585,dev799,TypeScript,TypeScript
dev585,dev800,TypeScript,TypeScript
dev729,dev801,Java,Java
dev120,dev802,Ruby,Ruby
dev803,dev804,Clojure,Nix
dev560,dev805,Python,Python
dev806,dev807,PHP,PHP
dev808,dev809,Python,Python
dev810,dev811,Haxe,Haxe
dev810,dev1,Haxe,C++
dev812,dev813,Java,Python
dev814,dev813,Java,Python
dev813,dev812,Python,Java
dev813,dev814,Python,Java
dev813,dev815,Python,Ruby
dev813,dev816,Python,PHP
dev814,dev816,Java,PHP
dev816,dev812,PHP,Java
dev816,dev815,PHP,Ruby
dev816,dev817,PHP,Python
dev637,dev818,PHP,Shell
dev285,dev286,PHP,PHP
dev819,dev286,PHP,PHP
dev538,dev286,PHP,PHP
dev286,dev820,PHP,PHP
dev286,dev132,PHP,JavaScript
dev286,dev284,PHP,C
dev286,dev255,PHP,PHP
dev286,dev157,PHP,PHP
dev286,dev285,PHP,PHP
dev286,dev821,PHP,PHP
dev791,dev822,C#,C#
dev69,dev822,C#,C#
dev823,dev824,C#,C#
dev416,dev201,Python,C
dev416,dev825,Python,Python
dev452,dev826,Python,Makefile
dev452,dev827,Python,JavaScript
dev452,dev828,Python,Java
dev829,dev467,C++,C++
dev830,dev1,C++,C++
dev831,dev832,Emacs Lisp,Rust
dev39,dev833,Swift,Swift
dev39,dev834,Swift,Swift
dev39,dev283,Swift,HTML
dev39,dev835,Swift,Ruby
dev39,dev596,Swift,JavaScript
dev39,dev37,Swift,Swift
dev78,dev836,Swift,Swift
dev64,dev65,C#,C#
dev61,dev65,C#,C#
dev65,dev837,C#,PowerShell
dev65,dev143,C#,Python
dev65,dev64,C#,C#
dev65,dev57,C#,C#
dev410,dev406,PHP,PHP
dev411,dev406,PHP,PHP
dev406,dev411,PHP,PHP
dev406,dev402,PHP,JavaScript
dev406,dev410,PHP,PHP
dev300,dev673,JavaScript,C
dev692,dev673,PHP,C
dev838,dev673,PHP,C
dev436,dev673,Go,C
dev110,dev571,C++,Rust
dev839,dev840,C++,C++
dev562,dev841,Python,Python
dev842,dev215,Swift,Swift
dev843,dev78,Swift,Swift
dev447,dev78,Objective-C,Swift
dev78,dev844,Swift,Swift
dev78,dev200,Swift,C++
dev78,dev447,Swift,Objective-C
dev78,dev843,Swift,Swift
dev845,dev705,PHP,PHP
dev845,dev157,PHP,PHP
dev591,dev846,PHP,Kotlin
dev738,dev847,PHP,PHP
dev838,dev847,PHP,PHP
dev190,dev847,PHP,PHP
dev847,dev838,PHP,PHP
dev847,dev157,PHP,PHP
dev848,dev849,PHP,JavaScript
dev398,dev754,JavaScript,Rust
dev831,dev754,Emacs Lisp,Rust
dev18,dev754,Rust,Rust
dev750,dev754,Rust,Rust
dev850,dev851,PowerShell,Python
dev852,dev853,C,Go
dev854,dev855,Python,C++
dev407,dev856,PHP,PHP
dev857,dev156,PHP,PHP
dev479,dev156,PHP,PHP
dev156,dev858,PHP,PHP
dev156,dev190,PHP,PHP
dev218,dev859,Ruby,Ruby
dev860,dev861,C++,JavaScript
dev861,dev201,JavaScript,C
dev861,dev88,JavaScript,TypeScript
dev861,dev860,JavaScript,C++
dev862,dev863,Python,Python
dev862,dev864,Python,TypeScript
dev862,dev198,Python,JavaScript
dev654,dev63,C#,C#
dev63,dev68,C#,C#
dev63,dev69,C#,C#
dev63,dev865,C#,C#
dev63,dev866,C#,C#
dev63,dev867,C#,C#
dev63,dev868,C#,JavaScript
dev63,dev869,C#,PowerShell
dev63,dev870,C#,C#
dev63,dev791,C#,C#
dev63,dev871,C#,C#
dev63,dev872,C#,C#
dev63,dev873,C#,C#
dev63,dev874,C#,C#
dev308,dev875,JavaScript,OCaml
dev386,dev387,JavaScript,JavaScript
dev279,dev276,PHP,PHP
dev274,dev276,PHP,PHP
dev276,dev743,PHP,PHP
dev276,dev876,PHP,PHP
dev276,dev407,PHP,PHP
dev276,dev533,PHP,PHP
dev276,dev877,PHP,PHP
dev276,dev279,PHP,PHP
dev276,dev878,PHP,PHP
dev276,dev739,PHP,PHP
dev276,dev157,PHP,PHP
dev276,dev413,PHP,PHP
dev276,dev879,PHP,PHP
dev276,dev838,PHP,PHP
dev276,dev705,PHP,PHP
dev276,dev880,PHP,PHP
dev276,dev274,PHP,PHP
dev276,dev275,PHP,PHP
dev589,dev702,PHP,PHP
dev410,dev702,PHP,PHP
dev538,dev702,PHP,PHP
dev274,dev702,PHP,PHP
dev533,dev702,PHP,PHP
dev881,dev882,Go,Python
dev726,dev724,Java,Java
dev726,dev801,Java,Java
dev791,dev654,C#,C#
dev654,dev874,C#,C#
dev591,dev883,PHP,PHP
dev884,dev151,C#,C++
dev838,dev885,PHP,PHP
dev275,dev746,PHP,PHP
dev288,dev738,PHP,PHP
dev738,dev255,PHP,PHP
dev738,dev157,PHP,PHP
dev738,dev540,PHP,PHP
dev738,dev259,PHP,PHP
dev738,dev285,PHP,PHP
dev738,dev740,PHP,PHP
dev285,dev886,PHP,PHP
dev886,dev887,PHP,PHP
dev848,dev761,PHP,PHP
dev888,dev761,PHP,PHP
dev761,dev201,PHP,C
dev761,dev157,PHP,PHP
dev761,dev848,PHP,PHP
dev889,dev190,PHP,PHP
dev190,dev255,PHP,PHP
dev890,dev705,PHP,PHP
dev411,dev705,PHP,PHP
dev891,dev705,PHP,PHP
dev404,dev705,PHP,PHP
dev30,dev705,Shell,PHP
dev405,dev705,PHP,PHP
dev479,dev705,PHP,PHP
dev892,dev705,PHP,PHP
dev410,dev705,PHP,PHP
dev645,dev705,PHP,PHP
dev288,dev705,PHP,PHP
dev848,dev705,PHP,PHP
dev275,dev705,PHP,PHP
dev893,dev894,C,C++
dev869,dev895,PowerShell,PowerShell
dev896,dev897,Elm,JavaScript
dev618,dev147,JavaScript,JavaScript
dev898,dev617,JavaScript,JavaScript
dev899,dev617,PHP,JavaScript
dev386,dev617,JavaScript,JavaScript
dev617,dev900,JavaScript,Haskell
dev617,dev118,JavaScript,Haml
dev617,dev204,JavaScript,JavaScript
dev901,dev902,Python,JavaScript
dev728,dev903,Java,Java
dev656,dev903,JavaScript,Java
dev888,dev904,PHP,PHP
dev905,dev906,C#,C#
dev447,dev907,Objective-C,Swift
dev907,dev908,Swift,Go
dev909,dev786,Java,Kotlin
dev750,dev574,Rust,Rust
dev386,dev300,JavaScript,JavaScript
dev623,dev300,JavaScript,JavaScript
dev910,dev300,JavaScript,JavaScript
dev563,dev911,JavaScript,TypeScript
dev290,dev426,Ruby,Perl
dev426,dev912,Perl,C++
dev426,dev553,Perl,Go
dev426,dev351,Perl,C++
dev426,dev427,Perl,Go
dev426,dev290,Perl,Ruby
dev588,dev913,PHP,PHP
dev914,dev913,PHP,PHP
dev101,dev913,PHP,PHP
dev913,dev259,PHP,PHP
dev913,dev255,PHP,PHP
dev913,dev157,PHP,PHP
dev913,dev132,PHP,JavaScript
dev915,dev916,PHP,PHP
dev917,dev918,JavaScript,Rust
dev914,dev919,PHP,PHP
dev449,dev920,Ruby,Python
dev436,dev921,Go,Go
dev922,dev923,C#,C#
dev333,dev923,C#,C#
dev923,dev924,C#,C#
dev923,dev925,C#,JavaScript
dev634,dev57,C#,C#
dev652,dev926,JavaScript,C#
dev927,dev928,JavaScript,JavaScript
dev928,dev927,JavaScript,JavaScript
dev929,dev629,Swift,Swift
dev930,dev629,Ruby,Swift
dev929,dev931,Swift,Swift
dev932,dev933,JavaScript,JavaScript
dev932,dev422,JavaScript,JavaScript
dev932,dev864,JavaScript,TypeScript
dev934,dev935,OCaml,PHP
dev819,dev935,PHP,PHP
dev935,dev934,PHP,OCaml
dev382,dev936,R,R
dev591,dev937,PHP,PHP
dev590,dev938,PHP,PHP
dev938,dev939,PHP,PHP
dev180,dev144,Python,Python
dev940,dev699,Go,JavaScript
dev941,dev699,Java,JavaScript
dev699,dev942,JavaScript,Shell
dev699,dev943,JavaScript,TypeScript
dev944,dev259,PHP,PHP
dev945,dev469,Python,Python
dev562,dev946,Python,Python
dev112,dev111,Haskell,JavaScript
dev111,dev114,JavaScript,Emacs Lisp
dev947,dev422,JavaScript,JavaScript
dev422,dev948,JavaScript,JavaScript
dev422,dev949,JavaScript,TypeScript
dev422,dev458,JavaScript,TypeScript
dev422,dev950,JavaScript,TypeScript
dev281,dev147,JavaScript,JavaScript
dev951,dev147,JavaScript,JavaScript
dev518,dev147,JavaScript,JavaScript
dev472,dev147,JavaScript,JavaScript
dev277,dev147,Shell,JavaScript
dev147,dev278,JavaScript,Ruby
dev147,dev283,JavaScript,HTML
dev147,dev247,JavaScript,TypeScript
dev147,dev952,JavaScript,JavaScript
dev147,dev953,JavaScript,TypeScript
dev147,dev118,JavaScript,Haml
dev147,dev719,JavaScript,JavaScript
dev147,dev203,JavaScript,JavaScript
dev61,dev954,C#,C#
dev955,dev132,PowerShell,JavaScript
dev955,dev956,PowerShell,C#
dev955,dev957,PowerShell,C#
dev958,dev132,C#,JavaScript
dev958,dev837,C#,PowerShell
dev958,dev959,C#,C#
dev823,dev960,C#,C#
dev823,dev961,C#,JavaScript
dev823,dev962,C#,Python
dev823,dev336,C#,C#
dev956,dev957,C#,C#
dev557,dev963,Python,Rust
dev964,dev568,Scala,JavaScript
dev965,dev966,JavaScript,C#
dev61,dev64,C#,C#
dev799,dev795,TypeScript,TypeScript
dev795,dev583,TypeScript,TypeScript
dev61,dev967,C#,C#
dev968,dev969,C#,F#
dev969,dev968,F#,C#
dev203,dev245,JavaScript,TypeScript
dev474,dev245,JavaScript,TypeScript
dev970,dev971,JavaScript,JavaScript
dev972,dev973,JavaScript,JavaScript
dev857,dev532,PHP,C
dev285,dev532,PHP,C
dev588,dev532,PHP,C
dev18,dev733,Rust,Rust
dev974,dev459,Zig,CSS
dev528,dev146,Python,Python
dev857,dev285,PHP,PHP
dev975,dev285,PHP,PHP
dev819,dev285,PHP,PHP
dev820,dev285,PHP,PHP
dev976,dev285,PHP,PHP
dev546,dev285,PHP,PHP
dev285,dev977,PHP,PHP
dev285,dev288,PHP,PHP
dev285,dev741,PHP,PHP
dev285,dev978,PHP,Haskell
dev285,dev589,PHP,PHP
dev285,dev976,PHP,PHP
dev285,dev155,PHP,PHP
dev285,dev259,PHP,PHP
dev285,dev821,PHP,PHP
dev285,dev975,PHP,PHP
dev285,dev255,PHP,PHP
dev285,dev157,PHP,PHP
dev285,dev979,PHP,PHP
dev687,dev432,JavaScript,Go
dev980,dev981,Raku,C
dev304,dev768,TypeScript,OCaml
dev982,dev768,Shell,OCaml
dev983,dev768,TypeScript,OCaml
dev909,dev247,Java,TypeScript
dev247,dev984,TypeScript,TypeScript
dev873,dev985,C#,JavaScript
dev985,dev986,JavaScript,C#
dev985,dev873,JavaScript,C#
dev61,dev987,C#,C#
dev61,dev988,C#,C#
dev61,dev989,C#,C#
dev744,dev275,PHP,PHP
dev877,dev275,PHP,PHP
dev538,dev275,PHP,PHP
dev274,dev275,PHP,PHP
dev590,dev275,PHP,PHP
dev275,dev876,PHP,PHP
dev275,dev288,PHP,PHP
dev275,dev990,PHP,PHP
dev275,dev991,PHP,PHP
dev275,dev645,PHP,PHP
dev275,dev410,PHP,PHP
dev744,dev589,PHP,PHP
dev590,dev589,PHP,PHP
dev589,dev739,PHP,PHP
dev589,dev157,PHP,PHP
dev589,dev288,PHP,PHP
dev589,dev645,PHP,PHP
dev589,dev410,PHP,PHP
dev479,dev992,PHP,PHP
dev838,dev288,PHP,PHP
dev590,dev288,PHP,PHP
dev645,dev288,PHP,PHP
dev288,dev255,PHP,PHP
dev288,dev157,PHP,PHP
dev534,dev157,PHP,PHP
dev547,dev157,PHP,PHP
dev857,dev157,PHP,PHP
dev848,dev157,PHP,PHP
dev993,dev157,PHP,PHP
dev537,dev157,PHP,PHP
dev819,dev157,PHP,PHP
dev890,dev157,PHP,PHP
dev820,dev157,PHP,PHP
dev994,dev157,PHP,PHP
dev405,dev157,PHP,PHP
dev880,dev157,PHP,PHP
dev995,dev157,PHP,PHP
dev30,dev157,Shell,PHP
dev590,dev157,PHP,PHP
dev538,dev157,PHP,PHP
dev479,dev157,PHP,PHP
dev996,dev157,PHP,PHP
dev892,dev157,PHP,PHP
dev531,dev157,PHP,PHP
dev591,dev157,PHP,PHP
dev821,dev157,PHP,PHP
dev588,dev977,PHP,PHP
dev399,dev997,Python,Rust
dev998,dev430,C#,Python
dev999,dev1000,TeX,Kotlin
dev398,dev204,JavaScript,JavaScript
dev17,dev204,Rust,JavaScript
dev124,dev204,JavaScript,JavaScript
dev947,dev933,JavaScript,JavaScript
dev728,dev1001,Java,Java
dev1002,dev1003,JavaScript,JavaScript
dev290,dev1004,Ruby,Ruby
dev343,dev1004,Ruby,Ruby
dev436,dev1004,Go,Ruby
dev120,dev1004,Ruby,Ruby
dev449,dev1004,Ruby,Ruby
dev410,dev1005,PHP,Crystal
dev1006,dev1007,Clojure,Clojure
dev113,dev1007,Emacs Lisp,Clojure
dev1007,dev1008,Clojure,Clojure
dev1007,dev1006,Clojure,Clojure
dev1007,dev113,Clojure,Emacs Lisp
dev1009,dev71,JavaScript,Clojure
dev1010,dev71,Go,Clojure
dev808,dev71,Python,Clojure
dev1011,dev1012,Clojure,Clojure
dev1011,dev113,Clojure,Emacs Lisp
dev1013,dev1014,Clojure,Clojure
dev1015,dev1014,Clojure,Clojure
dev1016,dev1014,Clojure,Clojure
dev1017,dev1014,Clojure,Clojure
dev1014,dev1018,Clojure,Clojure
dev1018,dev113,Clojure,Emacs Lisp
dev1012,dev113,Clojure,Emacs Lisp
dev290,dev113,Ruby,Emacs Lisp
dev1019,dev113,Ruby,Emacs Lisp
dev1015,dev113,Clojure,Emacs Lisp
dev896,dev1020,Elm,Python
dev1021,dev763,TypeScript,Swift
dev206,dev1022,JavaScript,TypeScript
dev436,dev209,Go,Go
dev27,dev32,Python,Python
dev500,dev30,JavaScript,Shell
dev500,dev918,JavaScript,Rust
dev500,dev311,JavaScript,JavaScript
dev1023,dev1024,C++,C++
dev1023,dev1025,C++,C++
dev404,dev749,PHP,PHP
dev538,dev749,PHP,PHP
dev499,dev1026,JavaScript,HTML
dev1027,dev1028,Objective-C,Vue
dev518,dev203,JavaScript,JavaScript
dev178,dev203,JavaScript,JavaScript
dev405,dev203,PHP,JavaScript
dev474,dev203,JavaScript,JavaScript
dev203,dev1029,JavaScript,TypeScript
dev203,dev475,JavaScript,JavaScript
dev1030,dev186,JavaScript,JavaScript
dev694,dev186,Python,JavaScript
dev1031,dev186,Vue,JavaScript
dev514,dev186,JavaScript,JavaScript
dev623,dev186,JavaScript,JavaScript
dev1032,dev186,JavaScript,JavaScript
dev1033,dev186,JavaScript,JavaScript
dev1034,dev186,JavaScript,JavaScript
dev1035,dev410,PHP,PHP
dev337,dev57,C#,C#
dev57,dev1036,C#,C#
dev1037,dev229,JavaScript,Python
dev1038,dev229,Shell,Python
dev349,dev1039,JavaScript,JavaScript
dev1039,dev349,JavaScript,JavaScript
dev1040,dev1041,Racket,Racket
dev1040,dev1042,Racket,Racket
dev1043,dev1044,Haskell,Haskell
dev1044,dev1043,Haskell,Haskell
dev1045,dev1042,Racket,Racket
dev472,dev281,JavaScript,JavaScript
dev281,dev868,JavaScript,JavaScript
dev304,dev1046,TypeScript,JavaScript
dev475,dev124,JavaScript,JavaScript
dev1047,dev124,JavaScript,JavaScript
dev1048,dev124,JavaScript,JavaScript
dev124,dev475,JavaScript,JavaScript
dev124,dev1049,JavaScript,JavaScript
dev590,dev255,PHP,PHP
dev590,dev1050,PHP,Shell
dev1051,dev1052,JavaScript,PHP
dev1053,dev1054,JavaScript,PHP
dev694,dev518,Python,JavaScript
dev623,dev1034,JavaScript,JavaScript
dev397,dev782,Python,Python
dev271,dev782,Python,Python
dev782,dev397,Python,Python
dev473,dev1055,JavaScript,JavaScript
dev444,dev1056,PHP,PHP
dev1057,dev1058,JavaScript,JavaScript
dev1059,dev1060,Ruby,Ruby
dev1061,dev1062,TSQL,PowerShell
dev1061,dev869,TSQL,PowerShell
dev1063,dev92,JavaScript,Go
dev1064,dev92,Go,Go
dev1065,dev92,Python,Go
dev1066,dev92,Go,Go
dev1067,dev1068,JavaScript,C++
dev1057,dev1069,JavaScript,JavaScript
dev838,dev975,PHP,PHP
dev975,dev821,PHP,PHP
dev1070,dev309,JavaScript,JavaScript
dev423,dev398,JavaScript,JavaScript
dev728,dev801,Java,Java
dev831,dev1071,Emacs Lisp,Java
dev1072,dev1073,Shell,HTML
dev558,dev528,Python,Python
dev559,dev528,Python,Python
dev528,dev568,Python,JavaScript
dev528,dev559,Python,Python
dev2,dev1074,Rust,Rust
dev2,dev170,Rust,Rust
dev1037,dev228,JavaScript,Dockerfile
dev120,dev1075,Ruby,Ruby
dev891,dev1076,PHP,Python
dev1006,dev1012,Clojure,Clojure
dev1006,dev1077,Clojure,JavaScript
dev315,dev1078,JavaScript,TypeScript
dev1079,dev1078,TypeScript,TypeScript
dev1078,dev1080,TypeScript,JavaScript
dev1078,dev1081,TypeScript,TypeScript
dev1078,dev242,TypeScript,Rust
dev404,dev739,PHP,PHP
dev620,dev739,PHP,PHP
dev1082,dev1083,Python,Python
dev1084,dev1085,TeX,C
dev1085,dev1086,C,Java
dev349,dev1087,JavaScript,JavaScript
dev1088,dev200,Python,C++
dev539,dev1089,PHP,PHP
dev1090,dev1091,Python,C++
dev1092,dev28,PHP,TypeScript
dev1093,dev28,Shell,TypeScript
dev28,dev1093,TypeScript,Shell
dev28,dev1094,TypeScript,Python
dev28,dev1095,TypeScript,JavaScript
dev28,dev1096,TypeScript,Python
dev28,dev1092,TypeScript,PHP
dev405,dev407,PHP,PHP
dev407,dev1097,PHP,PHP
dev407,dev404,PHP,PHP
dev407,dev405,PHP,PHP
dev407,dev645,PHP,PHP
dev189,dev543,PHP,PHP
dev1098,dev1099,Ruby,Ruby
dev220,dev1100,Ruby,Vim script
dev220,dev1101,Ruby,Ruby
dev1102,dev1103,Swift,Swift
dev15,dev1074,Kotlin,Rust
dev120,dev1104,Ruby,JavaScript
dev1105,dev472,JavaScript,JavaScript
dev472,dev1106,JavaScript,JavaScript
dev472,dev684,JavaScript,JavaScript
dev659,dev662,Swift,Java
dev661,dev662,JavaScript,Java
dev728,dev658,Java,Java
dev1107,dev1108,Python,JavaScript
dev1109,dev879,JavaScript,PHP
dev656,dev1110,JavaScript,Java
dev290,dev296,Ruby,Ruby
dev293,dev296,Ruby,Ruby
dev292,dev296,Ruby,Ruby
dev295,dev296,Ruby,Ruby
dev296,dev295,Ruby,Ruby
dev296,dev290,Ruby,Ruby
dev296,dev293,Ruby,Ruby
dev1111,dev458,JavaScript,TypeScript
dev1111,dev421,JavaScript,JavaScript
dev583,dev581,TypeScript,TypeScript
dev581,dev1112,TypeScript,Go
dev581,dev1113,TypeScript,TypeScript
dev581,dev583,TypeScript,TypeScript
dev382,dev1114,R,R
dev953,dev206,TypeScript,JavaScript
dev206,dev1115,JavaScript,JavaScript
dev1116,dev780,Clojure,C
dev1116,dev1012,Clojure,Clojure
dev1116,dev1077,Clojure,JavaScript
dev1116,dev1100,Clojure,Vim script
dev1117,dev1118,JavaScript,C
dev539,dev991,PHP,PHP
dev108,dev1012,JavaScript,Clojure
dev194,dev1064,Go,Go
dev1119,dev640,Python,Python
dev1120,dev1121,Java,C#
dev546,dev255,PHP,PHP
dev546,dev259,PHP,PHP
dev1122,dev410,JavaScript,PHP
dev1093,dev1092,Shell,PHP
dev1092,dev1093,PHP,Shell
dev1123,dev1124,PowerShell,PowerShell
dev1124,dev1123,PowerShell,PowerShell
dev1124,dev869,PowerShell,PowerShell
dev192,dev1125,PowerShell,PowerShell
dev1126,dev30,PHP,Shell
dev412,dev410,JavaScript,PHP
dev290,dev483,Ruby,JavaScript
dev295,dev483,Ruby,JavaScript
dev224,dev1127,Shell,Python
dev1127,dev568,Python,JavaScript
dev224,dev1128,Shell,Shell
dev224,dev1129,Shell,Jinja
dev1130,dev1131,Java,Java
dev851,dev1132,Python,Python
dev1132,dev851,Python,Python
dev1133,dev1134,Assembly,Java
dev1134,dev1133,Java,Assembly
dev215,dev132,Swift,JavaScript
dev215,dev1135,Swift,Swift
dev626,dev447,Swift,Objective-C
dev784,dev447,Kotlin,Objective-C
dev447,dev626,Objective-C,Swift
dev447,dev784,Objective-C,Kotlin
dev1136,dev1137,Go,Shell
dev343,dev290,Ruby,Ruby
dev1138,dev290,Ruby,Ruby
dev292,dev290,Ruby,Ruby
dev290,dev1139,Ruby,Go
dev290,dev552,Ruby,HTML
dev290,dev1140,Ruby,Ruby
dev290,dev1141,Ruby,Ruby
dev290,dev1138,Ruby,Ruby
dev290,dev1142,Ruby,Ruby
dev290,dev343,Ruby,Ruby
dev290,dev427,Ruby,Go
dev1143,dev1144,Go,Go
dev1145,dev1144,Go,Go
dev474,dev684,JavaScript,JavaScript
dev684,dev719,JavaScript,JavaScript
dev1146,dev1028,C#,Vue
dev1147,dev1031,Go,Vue
dev1148,dev1031,Python,Vue
dev1149,dev1031,Go,Vue
dev1031,dev1147,Vue,Go
dev1031,dev1150,Vue,TypeScript
dev1151,dev1152,TypeScript,JavaScript
dev1152,dev1153,JavaScript,Haxe
dev349,dev1154,JavaScript,JavaScript
dev70,dev1155,TypeScript,JavaScript
dev1156,dev1157,PHP,PHP
dev890,dev30,PHP,Shell
dev1158,dev995,PHP,PHP
dev995,dev1158,PHP,PHP
dev479,dev740,PHP,PHP
dev1159,dev1160,JavaScript,Scala
dev1161,dev1162,Python,Dart
dev1163,dev1164,TypeScript,JavaScript
dev1164,dev1163,JavaScript,TypeScript
dev475,dev474,JavaScript,JavaScript
dev474,dev149,JavaScript,TypeScript
dev474,dev1165,JavaScript,TypeScript
dev474,dev1166,JavaScript,JavaScript
dev474,dev678,JavaScript,JavaScript
dev474,dev681,JavaScript,JavaScript
dev474,dev1167,JavaScript,JavaScript
dev474,dev685,JavaScript,TypeScript
dev474,dev1168,JavaScript,TypeScript
dev474,dev475,JavaScript,JavaScript
dev1009,dev24,JavaScript,JavaScript
dev24,dev1169,JavaScript,JavaScript
dev1033,dev973,JavaScript,JavaScript
dev973,dev933,JavaScript,JavaScript
dev1,dev558,C++,Python
dev558,dev1170,Python,C
dev558,dev1,Python,C++
dev27,dev1171,Python,C++
dev382,dev1172,R,R
dev382,dev1173,R,Python
dev953,dev1174,TypeScript,HTML
dev1175,dev1162,Java,Dart
dev1162,dev1175,Dart,Java
dev1176,dev1177,JavaScript,JavaScript
dev1178,dev384,JavaScript,JavaScript
dev1023,dev467,C++,C++
dev18,dev467,Rust,C++
dev467,dev1179,C++,Rust
dev1180,dev118,Ruby,Haml
dev1180,dev283,Ruby,HTML
dev15,dev170,Kotlin,Rust
dev431,dev351,Go,C++
dev1181,dev351,Go,C++
dev1059,dev1182,Ruby,Ruby
dev1183,dev1184,Ruby,Ruby
dev1185,dev1186,JavaScript,JavaScript
dev1186,dev1185,JavaScript,JavaScript
dev218,dev1101,Ruby,Ruby
dev877,dev645,PHP,PHP
dev405,dev645,PHP,PHP
dev533,dev645,PHP,PHP
dev645,dev877,PHP,PHP
dev1187,dev1188,Java,Java
dev1189,dev1190,PHP,PHP
dev1191,dev1192,Perl,Go
dev1139,dev1192,Go,Go
dev8,dev1193,TypeScript,JavaScript
dev304,dev1193,TypeScript,JavaScript
dev1057,dev1193,JavaScript,JavaScript
dev1194,dev1195,Go,JavaScript
dev1195,dev1194,JavaScript,Go
dev213,dev1196,Crystal,Crystal
dev1196,dev213,Crystal,Crystal
dev1197,dev1198,Go,Java
dev1199,dev1200,C++,ReScript
dev1200,dev1199,ReScript,C++
dev1201,dev1202,Go,Go
dev1203,dev1204,JavaScript,JavaScript
dev1201,dev1205,Go,Python
dev562,dev1206,Python,Python
dev1176,dev304,JavaScript,TypeScript
dev8,dev304,TypeScript,TypeScript
dev304,dev1176,TypeScript,JavaScript
dev304,dev1207,TypeScript,JavaScript
dev1030,dev681,JavaScript,JavaScript
dev1030,dev1208,JavaScript,JavaScript
dev295,dev344,Ruby,Python
dev344,dev34,Python,Python
dev344,dev295,Python,Ruby
dev318,dev1209,Ruby,Ruby
dev957,dev1210,C#,C#
dev734,dev1211,JavaScript,TypeScript
dev1151,dev793,TypeScript,TypeScript
dev1212,dev1213,Python,JavaScript
dev1213,dev1214,JavaScript,JavaScript
dev888,dev848,PHP,PHP
dev848,dev255,PHP,PHP
dev848,dev740,PHP,PHP
dev333,dev922,C#,C#
dev1203,dev1215,JavaScript,JavaScript
dev343,dev1141,Ruby,Ruby
dev349,dev311,JavaScript,JavaScript
dev180,dev311,Python,JavaScript
dev873,dev1216,C#,C#
dev873,dev986,C#,C#
dev1119,dev562,Python,Python
dev976,dev1217,PHP,PHP
dev1217,dev976,PHP,PHP
dev1218,dev1219,Python,Python
dev562,dev1220,Python,Python
dev180,dev1221,Python,Python
dev1145,dev1222,Go,Go
dev1143,dev1222,Go,Go
dev1222,dev1143,Go,Go
dev120,dev1223,Ruby,Ruby
dev1224,dev948,TypeScript,JavaScript
dev1225,dev1018,Clojure,Clojure
dev1226,dev1018,Python,Clojure
dev1227,dev1018,WebAssembly,Clojure
dev1012,dev1018,Clojure,Clojure
dev246,dev1018,Clojure,Clojure
dev1228,dev1018,Clojure,Clojure
dev1229,dev1230,R,R
dev1231,dev1203,JavaScript,JavaScript
dev1203,dev1231,JavaScript,JavaScript
dev1203,dev1232,JavaScript,JavaScript
dev295,dev1233,Ruby,Python
dev449,dev1234,Ruby,C#
dev449,dev1235,Ruby,C#
dev449,dev1236,Ruby,C#
dev398,dev397,JavaScript,Python
dev397,dev118,Python,Haml
dev397,dev398,Python,JavaScript
dev1067,dev1237,JavaScript,PHP
dev1238,dev953,JavaScript,TypeScript
dev953,dev1239,TypeScript,JavaScript
dev953,dev1238,TypeScript,JavaScript
dev1240,dev1241,C#,C#
dev672,dev1242,Python,Python
dev1243,dev192,PowerShell,PowerShell
dev328,dev1244,TypeScript,JavaScript
dev1105,dev1245,JavaScript,JavaScript
dev1246,dev1212,Python,Python
dev410,dev1247,PHP,PHP
dev1248,dev773,Python,Vim script
dev1248,dev1249,Python,Shell
dev399,dev1250,Python,PHP
dev399,dev1251,Python,PHP
dev560,dev1252,Python,Python
dev1253,dev568,Jupyter Notebook,JavaScript
dev860,dev88,C++,TypeScript
dev1254,dev88,,TypeScript
dev828,dev1255,Java,Java
dev828,dev1256,Java,Go
dev112,dev1257,Haskell,Rust
dev112,dev109,Haskell,Haskell
dev996,dev255,PHP,PHP
dev1258,dev20,Haskell,Rust
dev1259,dev675,C++,C++
dev1037,dev1260,JavaScript,C#
dev1261,dev1262,Python,Python
dev1263,dev1264,JavaScript,Ruby
dev1265,dev1266,F#,F#
dev1057,dev1267,JavaScript,Shell
dev892,dev838,PHP,PHP
dev279,dev838,PHP,PHP
dev838,dev1268,PHP,Ruby
dev838,dev284,PHP,C
dev838,dev279,PHP,PHP
dev1269,dev1270,JavaScript,Lua
dev1271,dev1272,C#,C#
dev1273,dev1274,C#,Java
dev857,dev740,PHP,PHP
dev892,dev594,PHP,PHP
dev277,dev1275,Shell,JavaScript
dev277,dev396,Shell,Ruby
dev1276,dev237,JavaScript,Java
dev328,dev325,TypeScript,TypeScript
dev473,dev330,JavaScript,Go
dev330,dev473,Go,JavaScript
dev328,dev1277,TypeScript,JavaScript
dev328,dev1278,TypeScript,TypeScript
dev1279,dev259,PHP,PHP
dev857,dev259,PHP,PHP
dev748,dev259,PHP,PHP
dev892,dev259,PHP,PHP
dev539,dev259,PHP,PHP
dev534,dev259,PHP,PHP
dev1280,dev621,C++,TypeScript
dev499,dev1281,JavaScript,Haskell
dev499,dev1282,JavaScript,Python
dev857,dev379,PHP,PHP
dev18,dev1283,Rust,Rust
dev503,dev1284,Rust,Rust
dev18,dev17,Rust,Rust
dev17,dev398,Rust,JavaScript
dev1285,dev1286,Python,Python
dev1093,dev1287,Shell,Python
dev1288,dev1033,TypeScript,JavaScript
dev1289,dev1290,Mustache,Python
dev1290,dev1289,Python,Mustache
dev888,dev1291,PHP,PHP
dev588,dev279,PHP,PHP
dev588,dev1292,PHP,C
dev462,dev1293,JavaScript,C
dev462,dev1294,JavaScript,Makefile
dev1225,dev434,Clojure,Vim script
dev429,dev434,Vim script,Vim script
dev1270,dev434,Lua,Vim script
dev434,dev773,Vim script,Vim script
dev1009,dev1295,JavaScript,JavaScript
dev1296,dev6,TypeScript,JavaScript
dev1297,dev1298,C,C++
dev35,dev1299,JavaScript,C#
dev1299,dev35,C#,JavaScript
dev518,dev516,JavaScript,JavaScript
dev189,dev1300,PHP,PHP
dev180,dev1301,Python,JavaScript
dev180,dev1302,Python,Python
dev770,dev1002,Dart,JavaScript
dev404,dev1303,PHP,PHP
dev626,dev1304,Swift,Swift
dev189,dev667,PHP,PHP
dev189,dev1305,PHP,PHP
dev189,dev535,PHP,PHP
dev189,dev1306,PHP,PHP
dev189,dev889,PHP,PHP
dev189,dev1307,PHP,PHP
dev580,dev1308,Rust,Rust
dev1308,dev764,Rust,Rust
dev1308,dev580,Rust,Rust
dev531,dev1309,PHP,PHP
dev534,dev535,PHP,PHP
dev531,dev535,PHP,PHP
dev1310,dev568,Go,JavaScript
dev1311,dev568,Jupyter Notebook,JavaScript
dev568,dev1312,JavaScript,Python
dev120,dev1313,Ruby,Ruby
dev1138,dev1142,Ruby,Ruby
dev343,dev1142,Ruby,Ruby
dev1314,dev136,Shell,Vim script
dev1314,dev1315,Shell,CSS
dev1263,dev120,JavaScript,Ruby
dev120,dev1209,Ruby,Ruby
dev120,dev1263,Ruby,JavaScript
dev120,dev202,Ruby,JavaScript
dev30,dev1171,Shell,C++
dev1316,dev1317,JavaScript,JavaScript
dev74,dev1318,TypeScript,JavaScript
dev381,dev309,JavaScript,JavaScript
dev1310,dev1319,Go,JavaScript
dev1320,dev1169,Python,JavaScript
dev1009,dev1169,JavaScript,JavaScript
dev1169,dev1320,JavaScript,Python
dev906,dev1321,C#,C#
dev343,dev1138,Ruby,Ruby
dev1138,dev1322,Ruby,JavaScript
dev1138,dev343,Ruby,Ruby
dev319,dev821,JavaScript,PHP
dev404,dev413,PHP,PHP
dev404,dev274,PHP,PHP
dev404,dev410,PHP,PHP
dev237,dev1238,Java,JavaScript
dev1323,dev8,TypeScript,TypeScript
dev1324,dev8,JavaScript,TypeScript
dev1146,dev8,C#,TypeScript
dev8,dev1146,TypeScript,C#
dev8,dev1324,TypeScript,JavaScript
dev8,dev1323,TypeScript,TypeScript
dev909,dev1325,Java,Kotlin
dev888,dev1326,PHP,PHP
dev720,dev1166,JavaScript,JavaScript
dev784,dev1327,Kotlin,Scala
dev1328,dev1329,Python,Rust
dev1330,dev489,Rust,Rust
dev70,dev471,TypeScript,Go
dev1258,dev1043,Haskell,Haskell
dev1043,dev5,Haskell,OCaml
dev1043,dev1258,Haskell,Haskell
dev1331,dev1332,Rust,Rust
dev499,dev270,JavaScript,Ruby
dev1072,dev1333,Shell,Dockerfile
dev221,dev313,Go,TypeScript
dev313,dev1334,TypeScript,TypeScript
dev1335,dev1201,Go,Go
dev1336,dev1201,Ruby,Go
dev1201,dev1337,Go,Go
dev110,dev1338,C++,C
dev110,dev114,C++,Emacs Lisp
dev473,dev70,JavaScript,TypeScript
dev70,dev1339,TypeScript,TypeScript
dev70,dev473,TypeScript,JavaScript
dev1340,dev1341,C++,Python
dev1341,dev1340,Python,C++
dev1341,dev1342,Python,Rust
dev1343,dev1100,JavaScript,Vim script
dev1038,dev1175,Shell,Java
dev1038,dev1128,Shell,Shell
dev1038,dev1344,Shell,JavaScript
dev1037,dev1128,JavaScript,Shell
dev1175,dev1128,Java,Shell
dev993,dev1279,PHP,PHP
dev993,dev255,PHP,PHP
dev993,dev30,PHP,Shell
dev554,dev553,Go,Go
dev295,dev553,Ruby,Go
dev221,dev1345,Go,Go
dev295,dev554,Ruby,Go
dev503,dev580,Rust,Rust
dev503,dev501,Rust,Rust
dev1033,dev933,JavaScript,JavaScript
dev1346,dev442,Java,Python
dev442,dev1347,Python,Python
dev442,dev271,Python,Python
dev881,dev1181,Go,Go
dev1143,dev1145,Go,Go
dev1145,dev1143,Go,Go
dev1108,dev1348,JavaScript,Python
dev1349,dev1350,Clojure,Nim
dev1228,dev420,Clojure,Clojure
dev678,dev475,JavaScript,JavaScript
dev681,dev475,JavaScript,JavaScript
dev1351,dev681,JavaScript,JavaScript
dev678,dev720,JavaScript,JavaScript
dev1352,dev1353,C++,C++
dev30,dev1279,Shell,PHP
dev1279,dev1354,PHP,PHP
dev1279,dev255,PHP,PHP
dev1279,dev30,PHP,Shell
dev1153,dev1355,Haxe,Rust
dev1023,dev1153,C++,Haxe
dev893,dev1153,C,Haxe
dev860,dev763,C++,Swift
dev1356,dev1012,Clojure,Clojure
dev648,dev1357,Python,JavaScript
dev1173,dev450,Python,JavaScript
dev1358,dev1359,C++,Python
dev1359,dev1358,Python,C++
dev1359,dev430,Python,Python
dev1017,dev1228,Clojure,Clojure
dev1228,dev201,Clojure,C
dev1228,dev1012,Clojure,Clojure
dev295,dev1360,Ruby,Ruby
dev295,dev912,Ruby,C++
dev18,dev1361,Rust,C
dev18,dev1179,Rust,Rust
dev18,dev118,Rust,Haml
dev410,dev402,PHP,JavaScript
dev30,dev1362,Shell,Python
dev751,dev1363,Rust,Rust
dev1364,dev1208,PHP,JavaScript
dev1365,dev1208,Ruby,JavaScript
dev15,dev1366,Kotlin,Rust
dev15,dev1367,Kotlin,Rust
dev232,dev233,Java,Java
dev1063,dev310,JavaScript,JavaScript
dev310,dev1063,JavaScript,JavaScript
dev1368,dev1369,JavaScript,Go
dev560,dev1370,Python,Python
dev1151,dev1371,TypeScript,JavaScript
dev271,dev1347,Python,Python
dev534,dev255,PHP,PHP
dev892,dev255,PHP,PHP
dev1254,dev255,,PHP
dev538,dev255,PHP,PHP
dev1263,dev1372,JavaScript,Ruby
dev1373,dev1374,Python,JavaScript
dev315,dev1375,JavaScript,Rust
dev1375,dev1342,Rust,Rust
dev1376,dev1377,PHP,PHP
dev538,dev748,PHP,PHP
dev941,dev1378,Java,Kotlin
dev1378,dev941,Kotlin,Java
dev1379,dev252,JavaScript,C++
dev1379,dev1351,JavaScript,JavaScript
dev751,dev1332,Rust,Rust
dev751,dev1179,Rust,Rust
dev696,dev642,Vala,C++
dev1380,dev642,C++,C++
dev1381,dev1382,C++,F#
dev659,dev661,Swift,JavaScript
dev661,dev659,JavaScript,Swift
dev1383,dev1384,Java,Kotlin
dev1384,dev1383,Kotlin,Java
dev354,dev1385,Common Lisp,Scheme
dev76,dev1386,Java,Python
dev1387,dev1388,C++,Python
dev1389,dev246,Python,Clojure
dev246,dev1390,Clojure,Clojure
dev1391,dev833,Go,Swift
dev833,dev1391,Swift,Go
dev410,dev155,PHP,PHP
dev252,dev251,C++,JavaScript
dev1270,dev773,Lua,Vim script
dev429,dev773,Vim script,Vim script
dev516,dev458,JavaScript,TypeScript
dev499,dev498,JavaScript,JavaScript
dev498,dev1392,JavaScript,Java
dev499,dev1392,JavaScript,Java
dev405,dev1097,PHP,PHP
dev537,dev405,PHP,PHP
dev405,dev880,PHP,PHP
dev405,dev877,PHP,PHP
dev405,dev1393,PHP,PHP
dev405,dev413,PHP,PHP
dev405,dev410,PHP,PHP
dev409,dev410,PHP,PHP
dev743,dev410,PHP,PHP
dev137,dev410,PHP,PHP
dev744,dev410,PHP,PHP
dev562,dev410,Python,PHP
dev878,dev410,PHP,PHP
dev1394,dev410,PHP,PHP
dev1395,dev410,PHP,PHP
dev1396,dev410,PHP,PHP
dev410,dev413,PHP,PHP
dev410,dev880,PHP,PHP
dev1397,dev1398,PHP,PHP
dev1398,dev1397,PHP,PHP
dev1399,dev1400,Elixir,Elixir
dev1400,dev1401,Elixir,Elixir
dev1400,dev1402,Elixir,C++
dev560,dev1312,Python,Python
dev109,dev1403,Haskell,JavaScript
dev672,dev1404,Python,C++
dev398,dev278,JavaScript,Ruby
dev398,dev283,JavaScript,HTML
dev398,dev118,JavaScript,Haml
dev198,dev458,JavaScript,TypeScript
dev1405,dev808,Haskell,Python
dev1093,dev1096,Shell,Python
dev1406,dev1407,JavaScript,Dart
dev1271,dev1086,C#,Java
dev1084,dev235,TeX,Objective-C
dev562,dev201,Python,C
dev951,dev933,JavaScript,JavaScript
dev933,dev949,JavaScript,TypeScript
dev1408,dev1409,TypeScript,Rust
dev1409,dev1408,Rust,TypeScript
dev896,dev1410,Elm,Elm
dev1037,dev1175,JavaScript,Java
dev1037,dev1344,JavaScript,JavaScript
dev1411,dev671,Python,Python
dev869,dev1123,PowerShell,PowerShell
dev1123,dev869,PowerShell,PowerShell
dev1412,dev1413,C#,C#
dev1413,dev1412,C#,C#
dev337,dev960,C#,C#
dev1274,dev1414,Java,Java
dev1414,dev1274,Java,Java
dev1017,dev1012,Clojure,Clojure
dev1197,dev1415,Go,Go
dev1082,dev1416,Python,Go
dev1416,dev1082,Go,Python
dev1399,dev1401,Elixir,Elixir
dev652,dev1417,JavaScript,Java
dev1358,dev430,C++,Python
dev430,dev1358,Python,C++
dev430,dev1418,Python,Python
dev320,dev319,TypeScript,JavaScript
dev994,dev564,PHP,Java
dev994,dev132,PHP,JavaScript
dev1419,dev126,Shell,Go
dev499,dev1420,JavaScript,C++
dev1421,dev780,Go,C
dev1422,dev396,Ruby,Ruby
dev1423,dev1424,JavaScript,PHP
dev531,dev534,PHP,PHP
dev534,dev889,PHP,PHP
dev534,dev191,PHP,PHP
dev192,dev869,PowerShell,PowerShell
dev1009,dev202,JavaScript,JavaScript
dev1425,dev1426,Go,Go
dev1108,dev1427,JavaScript,JavaScript
dev1428,dev560,Python,Python
dev560,dev1429,Python,Python
dev560,dev557,Python,Python
dev560,dev1428,Python,Python
dev1430,dev1431,Swift,C#
dev1151,dev1432,TypeScript,C++
dev1017,dev1433,Clojure,Clojure
dev659,dev1434,Swift,Swift
dev315,dev1081,JavaScript,TypeScript
dev1079,dev1081,TypeScript,TypeScript
dev1009,dev1435,JavaScript,JavaScript
dev1435,dev1009,JavaScript,JavaScript
dev1436,dev1330,Rust,Rust
dev1437,dev1342,TypeScript,Rust
dev1340,dev1342,C++,Rust
dev499,dev1438,JavaScript,Shell
dev126,dev1,Go,C++
dev1170,dev1,C,C++
dev1405,dev1170,Haskell,C
dev444,dev720,PHP,JavaScript
dev720,dev1439,JavaScript,TypeScript
dev720,dev1440,JavaScript,Vue
dev343,dev1140,Ruby,Ruby
dev1441,dev1442,JavaScript,TypeScript
dev531,dev191,PHP,PHP
dev1443,dev1444,Python,Python
dev1445,dev1108,JavaScript,JavaScript
dev1108,dev1446,JavaScript,TypeScript
dev1108,dev1445,JavaScript,JavaScript
dev1447,dev1448,,Java
dev1225,dev1227,Clojure,WebAssembly
dev1227,dev1385,WebAssembly,Scheme
dev315,dev242,JavaScript,Rust
dev1079,dev242,TypeScript,Rust
dev893,dev1449,C,C
dev6,dev458,JavaScript,TypeScript
dev6,dev1450,JavaScript,TypeScript
dev1451,dev1452,Go,Go
dev652,dev1453,JavaScript,C#
dev1454,dev1455,Java,Java
dev1183,dev1336,Ruby,Ruby
dev252,dev31,C++,HTML
dev562,dev1456,Python,Python
dev562,dev1457,Python,CSS
dev915,dev1458,PHP,PHP
dev431,dev1181,Go,Go
dev1009,dev1457,JavaScript,CSS
dev1278,dev864,TypeScript,TypeScript
dev1459,dev1430,C,Swift
dev1430,dev1459,Swift,C
dev1148,dev1147,Python,Go
dev1149,dev1147,Go,Go
dev408,dev413,PHP,PHP
dev1066,dev1460,Go,JavaScript
dev1461,dev1462,TypeScript,TypeScript
dev1015,dev1017,Clojure,Clojure
dev436,dev1197,Go,Go
dev672,dev1463,Python,Java
dev812,dev814,Java,Java
dev814,dev812,Java,Java
dev1394,dev413,PHP,PHP
dev1461,dev1464,TypeScript,TypeScript
dev1461,dev1465,TypeScript,TypeScript
dev1466,dev1467,C++,Swift
dev1467,dev1466,Swift,C++
dev1468,dev1469,Shell,Python
dev1470,dev178,JavaScript,JavaScript
dev1149,dev1148,Go,Python
dev1148,dev1149,Python,Go
dev1471,dev1472,Ruby,Go
dev1350,dev918,Nim,Rust
dev605,dev864,TypeScript,TypeScript
dev1473,dev1474,Python,JavaScript
dev1474,dev1473,JavaScript,Python
dev1079,dev1475,TypeScript,TypeScript
dev893,dev1476,C,C
dev1477,dev784,Kotlin,Kotlin
dev784,dev1477,Kotlin,Kotlin
